donor_id;donor_name;donor_email;donor_gender;donor_address;donor_amount
1789371708;;;;;7853
9528008062;Paton Soanes;psoanes1@clickbank.net;Male;06 Logan Avenue;204
9620593235;Royce Dawdary;rdawdary2@si.edu;Male;6563 Sloan Circle;3343
725137614;Daisy Terbeek;dterbeek3@apache.org;Female;71 Rieder Pass;9755
9719675640;Vittoria Huntriss;vhuntriss4@squidoo.com;Female;946 Red Cloud Alley;9917
9926037240;Dorita Sowood;dsowood5@soup.io;Female;1 Emmet Terrace;9364
4817431075;Bondie Ravens;bravens6@discuz.net;Male;316 Hayes Trail;5727
7504754005;;;;;8429
8640385912;Lev Scobie;lscobie8@yolasite.com;Male;0084 Pleasure Terrace;599
8942148662;Stavro Issacson;sissacson9@auda.org.au;Male;920 Grover Road;6803
4189306339;Maura Heis;mheisa@sciencedirect.com;Female;5 Memorial Park;1992
1240145535;Michael Nevin;mnevinb@cnn.com;Male;7389 Dunning Pass;5956
9919710253;Tamas De Vries;tdec@lulu.com;Male;163 Nova Trail;1663
4819071505;Goran Marchment;gmarchmentd@nps.gov;Male;1 Jenna Terrace;7158
244386943;Towny Dannohl;tdannohle@nymag.com;Male;29 Stone Corner Point;9361
261388940;Martguerita Halsall;mhalsallf@nydailynews.com;Female;6 Waywood Terrace;8915
309221374;Dulcea Klimkovich;dklimkovichg@nationalgeographic.com;Female;1855 Kensington Alley;4234
5246648591;Caryl Alliot;callioth@etsy.com;Male;01313 Dayton Way;2244
2879920191;Wallie Crownshaw;wcrownshawi@shop-pro.jp;Male;0503 Orin Junction;4934
1260082644;Elladine Eskrick;eeskrickj@slideshare.net;Female;0 Surrey Road;1233
4868424475;Gusella Bucklee;gbuckleek@virginia.edu;Female;9493 Manitowish Junction;8838
1412111234;Archer Blencoe;ablencoel@umich.edu;Male;421 Bayside Point;5542
4679394927;Alysa Guitt;aguittm@nydailynews.com;Female;4784 Barby Pass;4938
1941057276;Lizette Pedersen;lpedersenn@tumblr.com;Female;94 Fairfield Alley;8015
4384064314;Martainn Zanutti;mzanuttio@sbwire.com;Male;877 Sachtjen Hill;2712
2810404216;Giacomo Calderon;gcalderonp@bloglines.com;Male;01 Oxford Avenue;4807
80008461;;;;;6669
1119941296;Simmonds Bluck;sbluckr@walmart.com;Male;2617 Becker Avenue;7434
7876555705;Pat Thaw;pthaws@usatoday.com;Male;2 Lien Trail;338
8437812496;Ferdy Kilgallen;fkilgallent@bluehost.com;Male;420 Esch Avenue;1732
2208430840;Gabrielle Cowlishaw;gcowlishawu@marketwatch.com;Female;88051 Nova Plaza;7057
9774063139;Ronald Fairnington;rfairningtonv@amazon.co.jp;Male;4728 Armistice Circle;1297
2117115934;;;;;513
4309627102;;;;;9144
8975826872;Christan Byham;cbyhamy@topsy.com;Female;6 Cascade Trail;3626
3208990537;Melinde Mulvagh;mmulvaghz@ezinearticles.com;Female;3353 Stephen Way;355
6733819449;Koralle Nelthorp;knelthorp10@newsvine.com;Female;8 Hooker Way;9824
1710373423;Hubert Janata;hjanata11@symantec.com;Male;2095 Hoard Crossing;6321
4928759966;Brittne Berthomier;bberthomier12@desdev.cn;Female;51957 Gina Avenue;6554
3262783846;Jillene Grigorescu;jgrigorescu13@cloudflare.com;Female;928 Brentwood Street;8861
3240332302;Vivyan Duffyn;vduffyn14@spiegel.de;Female;86 Blackbird Avenue;7768
768494788;Ellery Inchan;einchan15@photobucket.com;Male;64187 Karstens Drive;2939
5783393258;Maryanne Summerlie;msummerlie16@prlog.org;Female;9 Mallard Avenue;4151
713085665;;;;;6463
5230235780;Derrik Levine;dlevine18@latimes.com;Male;9061 Sage Drive;841
9438844732;;;;;9726
4750373125;Janette Duiguid;jduiguid1a@mail.ru;Female;4 Stone Corner Avenue;7244
8511673717;Mollee Hammerson;mhammerson1b@creativecommons.org;Female;32 Scoville Pass;2308
9384002801;Marshal Wrixon;mwrixon1c@about.com;Male;4 Dahle Court;1205
7729019922;Adam Tregido;atregido1d@sphinn.com;Male;8 Larry Lane;2791
